{
    "train_loss": [
        0.9626707677487973,
        0.7637079181494536,
        0.6391303230215002,
        0.5610302212061705,
        0.5018337380003046,
        0.46183839109208846,
        0.4364465265362351,
        0.3990930903840948,
        0.3897828757762909,
        0.37453986207644147,
        0.3643036225327739,
        0.3703674651958324,
        0.368016356671298,
        0.36225826541582745,
        0.35968280721593787,
        0.33061082909504574,
        0.3204810685581631,
        0.324662055682253,
        0.2933723915506292,
        0.30189274968924346,
        0.3036100180060775,
        0.295133751851541,
        0.30658930429705866,
        0.29213646330215315,
        0.27330975510455946,
        0.2706743649862431,
        0.2595390059329845,
        0.2614669120974011,
        0.27201976378758747,
        0.26139867581703047,
        0.24827587659712191,
        0.2513076740282553,
        0.2492334528101815,
        0.25068342685699463,
        0.2500491390625636,
        0.23431182735496098,
        0.25307231092894517,
        0.2409217639101876,
        0.2458171899671908,
        0.24792616621211724,
        0.26643017099963295,
        0.24445587231053245,
        0.23497062369629187,
        0.24495430069941063,
        0.235377859738138,
        0.2412021193239424
    ],
    "learning_rates": [
        0.0001,
        0.0001,
        0.0001,
        0.0001,
        0.0001,
        0.0001,
        0.0001,
        0.0001,
        0.0001,
        0.0001,
        0.0001,
        0.0001,
        0.0001,
        0.0001,
        0.0001,
        0.0001,
        0.0001,
        0.0001,
        0.0001,
        0.0001,
        0.0001,
        0.0001,
        5e-05,
        5e-05,
        5e-05,
        5e-05,
        5e-05,
        5e-05,
        5e-05,
        5e-05,
        2.5e-05,
        2.5e-05,
        2.5e-05,
        2.5e-05,
        1.25e-05,
        1.25e-05,
        1.25e-05,
        1.25e-05,
        1.25e-05,
        6.25e-06,
        6.25e-06,
        6.25e-06,
        3.125e-06,
        3.125e-06,
        3.125e-06,
        1.5625e-06
    ],
    "best_epoch": 36
}