{
    "train_loss": [
        0.9631395052980494,
        0.7560921200999507,
        0.6548493504524231,
        0.5610039476995115,
        0.5344832627861588,
        0.4854969282944997,
        0.4624307122495439,
        0.4215912333241216,
        0.4268653083730627,
        0.41995674482098333,
        0.4115320720054485,
        0.39173725799277975,
        0.36820745688897594,
        0.3632680122499113,
        0.3699503452689559,
        0.34672268673225687,
        0.33195563930052296,
        0.3186701249193262,
        0.31953704357147217,
        0.32861124475797016,
        0.31104784817607317,
        0.2969451386619497,
        0.3115851111986019,
        0.3041757720488089,
        0.27570869856410557,
        0.308088810355575,
        0.2928730812337663,
        0.28870954888838307,
        0.27793126746460245,
        0.28832438974468794,
        0.2638519847834552,
        0.2777410425521709,
        0.2807580287809725,
        0.26586375137170154,
        0.27003211390089105,
        0.2340036498175727,
        0.25819325336703547,
        0.24565748152909456,
        0.2505259844991896,
        0.24878166064068122,
        0.25123063033377685,
        0.24657453706970922,
        0.2528505121116285,
        0.2254657706728688,
        0.24410611832583393,
        0.24108819994661543,
        0.2350402060482237,
        0.2375645841713305,
        0.24049126550003333,
        0.21827148728900486
    ],
    "learning_rates": [
        0.0001,
        0.0001,
        0.0001,
        0.0001,
        0.0001,
        0.0001,
        0.0001,
        0.0001,
        0.0001,
        0.0001,
        0.0001,
        0.0001,
        0.0001,
        0.0001,
        0.0001,
        0.0001,
        0.0001,
        0.0001,
        0.0001,
        0.0001,
        0.0001,
        0.0001,
        0.0001,
        0.0001,
        0.0001,
        0.0001,
        0.0001,
        0.0001,
        5e-05,
        5e-05,
        5e-05,
        5e-05,
        5e-05,
        5e-05,
        2.5e-05,
        2.5e-05,
        2.5e-05,
        2.5e-05,
        2.5e-05,
        1.25e-05,
        1.25e-05,
        1.25e-05,
        6.25e-06,
        6.25e-06,
        6.25e-06,
        6.25e-06,
        6.25e-06,
        3.125e-06,
        3.125e-06,
        3.125e-06
    ],
    "best_epoch": 50
}