{
    "train_loss": [
        0.9576566881603665,
        0.7743441418365196,
        0.6514738268322415,
        0.596799201435513,
        0.5473768832506957,
        0.5361967826331103,
        0.47800218948611506,
        0.4707523286342621,
        0.42453088694148594,
        0.4180468364998146,
        0.39004174647507844,
        0.38936315366515406,
        0.3869668223239757,
        0.37823708410616275,
        0.36792204887778673,
        0.34877071336463644,
        0.3450492907453466,
        0.34468223209734317,
        0.336520712684702,
        0.32436990517157094,
        0.3316989066424193,
        0.3008972588512633,
        0.3245174167332826,
        0.305690496608063,
        0.31598491856345423
    ],
    "best_epoch": 22
}